<main tagname="<DIV id=divDetay class=detay>" parent_tagname="<DIV class=backLeft>" html_text="<   <DIV class=iBox> </DIV><H1>O bombaların hedefi belli oldu!</H1><UL class=bilgi> </UL><P class=spot>Diyarbakır Valiliği, 1 teröristin ölü, 1 teröristin yaralı ele geçirildiği operasyonda, güvenlik güçlerince otomobilde yakalanarak imha edilen 125 kilogram patlayıcının, askeri konvoyun geçişi sırasında patlatılmasının planlandığını bildirdi.</P><SPAN id=contextual>Diyarbakır Valiliği, Çınar ilçesi Aktepe köyü civarında dün, teröristlerle güvenlik güçleri arasında çıkan çatışma ve bir otomobilde 125 kilogram patlayıcı ele geçirilmesi konusunda açıklama yaptı.<BR><BR>Yazılı açıklamada, Diyarbakır Emniyet Müdürlüğünce, PKK/KCK terör örgütü adına Mardin'in Savur ilçesi kırsal alanında faaliyet gösteren bir grup örgüt mensubunun, işbirlikçileri vasıtasıyla bir araç temin ederek içerisine patlayıcı madde yerleştirmek suretiyle Diyarbakır-Bismil veya Diyarbakır-Mardin karayolu üzerinde güvenlik güçlerinin geçişi esnasında bombalı eylem gerçekleştirecekleri yönünde bilgiler elde edildiği belirtildi.<BR><BR>Diyarbakır Emniyet Müdürlüğünün ilgili birimlerince, söz konusu patlayıcı düzeneklerle hazırlanan araçların hareket ettiğinin anlaşılması üzerine Diyarbakır'dan polis helikopteri ile polis özel harekat timlerinin araçların bulunduğu bölgeye hareket ettiği belirtilen açıklamada şöyle denildi:<BR><BR>''Özel harekat polislerinin geldiğini gören bomba yüklü araç sürücüsü Mardin istikametine kaçmış ve bilahare araç terk edilmiş olarak bulunmuştur. Bomba yüklü aracı terk ederek kaçan terörist Mardin İl Emniyet Müdürlüğünce takip edilmektedir.<BR><BR>Diğer taraftan, söz konusu patlayıcı yüklü araç ve şahıslarla iltisaklı olduğu değerlendirilen başka bir araç Diyarbakır ilimizin Çınar ilçesi Aktepe köyü istikametine kaçmış ve aracın köy civarına terk edilmesi üzerine helikopter ile polis özel harekat kuvvetlerimiz anılan bölgeye sevk edilmiş, kaçan şahısları yakalamak amacıyla yapılan operasyonda çıkan çatışmada 1 terörist ölü, 1 terörist yaralı olarak ele geçirilmiştir.<BR><BR>Olayla ile ilgili biri işbirlikçi olmak üzere şüpheli görülen 5 kişi gözaltına alınmıştır. Ele geçirilen teröristlerle birlikte 1 Glock marka silah, 4 Kalaşnikof marka uzun namlulu silah, 5 el bombası bol miktarda fişek, patlayıcı düzenekleri elde edilmiştir.<BR><BR>Konu ile ilgili geniş çaplı araştırma ve inceleme devam etmektedir.''<BR></SPAN><DIV id=pageInfo></DIV><DIV id=pageCount></DIV><DIV class=cls></DIV>>" _count="<100>" />
<headline tagname="<H1>" parent_tagname="<DIV id=divDetay class=detay>" html_text="<O bombaların hedefi belli oldu!>" _count="<100>" />
