<additional tagname="<DIV class=headline_body>" parent_tagname="<DIV style="WIDTH: 205px; FLOAT: right; HEIGHT: 200px; MARGIN-RIGHT: 5px" id=rotating_headlines_article_1>" />
<links tagname="<DIV id=div_1 class=mHaber>" parent_tagname="<LI id=li_1 class=current onmouseover=manset_degistir(1); onmouseout=manset_degistir(-1);>" />
<additional tagname="<DIV class=headline_body>" parent_tagname="<DIV style="WIDTH: 205px; FLOAT: right; HEIGHT: 200px; MARGIN-RIGHT: 5px" id=rotating_headlines_article_10>" />
<links tagname="<DIV style="WIDTH: 205px; FLOAT: right; HEIGHT: 200px; MARGIN-RIGHT: 5px" id=rotating_headlines_article_7>" parent_tagname="<DIV style="DISPLAY: none" id=rotating_headlines_7 class=headline_article_holder>" />
<additional tagname="<DIV class=summary>" parent_tagname="<DIV id=ticker_31454 class="section row_0">" />
<additional tagname="<DIV class=headline_body>" parent_tagname="<DIV style="WIDTH: 205px; FLOAT: right; HEIGHT: 200px; MARGIN-RIGHT: 5px" id=rotating_headlines_article_9>" />
<menu tagname="<DIV style="WIDTH: 205px; FLOAT: right; HEIGHT: 200px; MARGIN-RIGHT: 5px" id=rotating_headlines_article_10>" parent_tagname="<DIV style="DISPLAY: none" id=rotating_headlines_10 class=headline_article_holder>" />
<additional tagname="<DIV class=smText>" parent_tagname="<DIV class=paylasBox>" />
<additional tagname="<TD>" parent_tagname="<TR class=color title="TecDax Performance Index (Delayed)">" />
<menu tagname="<UL class=topMenu>" parent_tagname="<DIV class=header>" />
<links tagname="<DIV id=rght_div_1>" parent_tagname="<DIV class=rManset>" />
<links tagname="<UL style="WIDTH: 920px">" parent_tagname="<DIV class=fotoList>" />
<links tagname="<DIV id=ticker_31499 class="section row_1">" parent_tagname="<DIV style="OVERFLOW: hidden" class=scroller>" />
<menu tagname="<UL class=alt>" parent_tagname="<DIV class=navBar>" />
<headline tagname="<H1 id=videoTitle name="videoTitle">" parent_tagname="<DIV class=video>" />
<additional tagname="<DIV class=boxInner>" parent_tagname="<DIV class=divMain>" />
<links tagname="<DIV style="MARGIN-LEFT: 7px; MARGIN-RIGHT: 5px">" parent_tagname="<TD style="BACKGROUND-IMAGE: url(/c/sb/i/KulturSanat/manset_back2.gif)" id=manset_td_im_0 onmouseover=headlineChange(0); onmouseout=headlineChangeRepeat() height=58 align=left>" />
<links tagname="<DIV class=tumYorum>" parent_tagname="<DIV class=yorumCover>" />
<additional tagname="<DIV class=headline_body>" parent_tagname="<DIV style="WIDTH: 205px; FLOAT: right; HEIGHT: 200px; MARGIN-RIGHT: 5px" id=rotating_headlines_article_8>" />
<links tagname="<UL class=haberList>" parent_tagname="<DIV class=backLeft>" />
<additional tagname="<TD>" parent_tagname="<TR class=color title="Hang Seng HK">" />
<links tagname="<DIV style="WIDTH: 205px; FLOAT: right; HEIGHT: 200px; MARGIN-RIGHT: 5px" id=rotating_headlines_article_4>" parent_tagname="<DIV style="DISPLAY: none" id=rotating_headlines_4 class=headline_article_holder>" />
<additional tagname="<DIV class=summary>" parent_tagname="<DIV id=ticker_31419 class="section row_1">" />
<links tagname="<UL>" parent_tagname="<DIV class=box_body>" />
<links tagname="<DIV style="DISPLAY: none" id=div_2 class=mHaber>" parent_tagname="<LI id=li_2 onmouseover=manset_degistir(2); onmouseout=manset_degistir(-1);>" />
<links tagname="<DIV class=header>" parent_tagname="<FORM method=post action=/eGazete/www_sabah_com_tr/1/2012/02/12?ref=sabahMenu>" />
<menu tagname="<UL class=dCNav>" parent_tagname="<DIV class=bBox>" />
<menu tagname="<UL>" parent_tagname="<DIV class="footBeyaz footUye">" />
<additional tagname="<DIV style="VISIBILITY: visible" id=div_im>" parent_tagname="<TD style="PADDING-BOTTOM: 10px; PADDING-LEFT: 10px; PADDING-RIGHT: 10px; PADDING-TOP: 10px" class=metin4 bgColor=#ededed colSpan=4>" />
<additional tagname="<DIV class=headline_body>" parent_tagname="<DIV style="WIDTH: 205px; FLOAT: right; HEIGHT: 200px; MARGIN-RIGHT: 5px" id=rotating_headlines_article_5>" />
<additional tagname="<DIV class=short_holder>" parent_tagname="<DIV class=short>" />
<links tagname="<UL class=galeriList>" parent_tagname="<DIV style="DISPLAY: none" id=galeri_sag_tab_2 class=sC>" />
<menu tagname="<UL style="DISPLAY: none" id=div_smw_mn_tw class=tab>" parent_tagname="<DIV class=paylasBox>" />
<links tagname="<DIV style="DISPLAY: none" id=div_7 class=mHaber>" parent_tagname="<LI id=li_7 onmouseover=manset_degistir(7); onmouseout=manset_degistir(-1);>" />
<menu tagname="<UL class=dC>" parent_tagname="<DIV id=yenieklenenler>" />
<menu tagname="<DIV style="DISPLAY: none" id=div_5 class=mHaber>" parent_tagname="<LI id=li_5 onmouseover=manset_degistir(5); onmouseout=manset_degistir(-1);>" />
<links tagname="<DIV style="DISPLAY: none" id=diviPhone class=uyariBox>" parent_tagname="<DIV class=container>" />
<links tagname="<DIV id=ticker_31421 class="section row_1">" parent_tagname="<DIV style="OVERFLOW: hidden" class=scroller>" />
<menu tagname="<UL id=most_commented_tabs class=tabs>" parent_tagname="<DIV class=box_title>" />
<links tagname="<DIV style="DISPLAY: none" id=div_8 class=mHaber>" parent_tagname="<LI id=li_8 onmouseover=manset_degistir(8); onmouseout=manset_degistir(-1);>" />
<menu tagname="<DIV class=sub>" parent_tagname="<DIV class=navBar>" />
<menu tagname="<UL class=haberList>" parent_tagname="<DIV class=mContainer>" />
<links tagname="<DIV id=ticker_31454 class="section row_0">" parent_tagname="<DIV style="OVERFLOW: hidden" class=scroller>" />
<links tagname="<DIV style="WIDTH: 205px; FLOAT: right; HEIGHT: 200px; MARGIN-RIGHT: 5px" id=rotating_headlines_article_6>" parent_tagname="<DIV style="DISPLAY: none" id=rotating_headlines_6 class=headline_article_holder>" />
<links tagname="<DIV class=yCdata>" parent_tagname="<DIV class=backLeft>" />
<links tagname="<DIV class=comment_body>" parent_tagname="<DIV class=single_comment>" />
<menu tagname="<UL>" parent_tagname="<DIV class=jCarouselLite>" />
<links tagname="<DIV class=perspektif>" parent_tagname="<DIV class=bRight>" />
<links tagname="<UL class=ekler>" parent_tagname="<DIV class=backLeft>" />
<menu tagname="<UL class=paylasM>" parent_tagname="<DIV class=iData>" />
<links tagname="<DIV id=ticker_31419 class="section row_1">" parent_tagname="<DIV style="OVERFLOW: hidden" class=scroller>" />
<menu tagname="<UL>" parent_tagname="<DIV class="bManset yesilekran">" />
<additional tagname="<DIV class=yorumCover>" parent_tagname="<DIV class=backLeft>" />
<additional tagname="<DIV class=video>" parent_tagname="<DIV class=cLeft>" />
<links tagname="<DIV style="DISPLAY: none" id=diviPhone class=uyariBox>" parent_tagname="<BODY>" />
<links tagname="<TD class=alt_menu colSpan=2 align=center>" parent_tagname="<TR>" />
<menu tagname="<UL id=alttabpd class=aKutuAltTab>" parent_tagname="<DIV class=aKutu>" />
<menu tagname="<UL id=div_smw_mn_fb class=tab>" parent_tagname="<DIV class=paylasBox>" />
<menu tagname="<DIV id=ticker_31467 class="section row_0">" parent_tagname="<DIV style="OVERFLOW: hidden" class=scroller>" />
<menu tagname="<DIV id=top_links>" parent_tagname="<DIV id=header>" />
<menu tagname="<UL>" parent_tagname="<DIV class=footer>" />
<additional tagname="<DIV class=eTitle>" parent_tagname="<DIV class=ekoBox>" />
<links tagname="<DIV style="DISPLAY: none" id=manset_1 class=mHaber>" parent_tagname="<LI id=manset_sag_1 onmouseover=manset_degistir(1) onmouseout=manset_degistir(-1);>" />
<menu tagname="<UL>" parent_tagname="<LI>" />
<links tagname="<DIV class=astroBox>" parent_tagname="<DIV class=cRight>" />
<additional tagname="<TD colSpan=2 align=center>" parent_tagname="<TR class=color>" />
<links tagname="<UL>" parent_tagname="<DIV style="DISPLAY: none" id=gunun_gelismeleri_tab_2 class=sC>" />
<links tagname="<DIV class=cBIn>" parent_tagname="<DIV class=cBox>" />
<menu tagname="<UL class=shareList>" parent_tagname="<DIV class=navBar>" />
<menu tagname="<DIV class=eCover>" parent_tagname="<DIV class=container>" />
<links tagname="<DIV class=header>" parent_tagname="<FORM method=post action=/eGazete/www_sabah_com_tr/1/2012/02/13?ref=sabahMenu>" />
<empty tagname="<DIV class=eBultenBox>" parent_tagname="<DIV class=backRight>" />
<links tagname="<UL class=izlenenList>" parent_tagname="<DIV style="DISPLAY: none" id=galeri_sag_tab_2 name="galeri_sag_tab_2">" />
<menu tagname="<UL>" parent_tagname="<DIV id=galeri_video_tab_1 class=gV>" />
<menu tagname="<DIV class=static_footer>" parent_tagname="<DIV class=footer>" />
<links tagname="<UL>" parent_tagname="<DIV class=scroll>" />
<links tagname="<DIV style="WIDTH: 205px; FLOAT: right; HEIGHT: 200px; MARGIN-RIGHT: 5px" id=rotating_headlines_article_3>" parent_tagname="<DIV style="DISPLAY: none" id=rotating_headlines_3 class=headline_article_holder>" />
<menu tagname="<UL class=tab>" parent_tagname="<DIV class=gunBox>" />
<empty tagname="<DIV style="DISPLAY: none" id=memberControl class=memberControl>" parent_tagname="<DIV class=yorumCover>" />
<links tagname="<DIV style="DISPLAY: none" id=div_4 class=mHaber>" parent_tagname="<LI id=li_4 onmouseover=manset_degistir(4); onmouseout=manset_degistir(-1);>" />
<links tagname="<DIV style="WIDTH: 205px; FLOAT: right; HEIGHT: 200px; MARGIN-RIGHT: 5px" id=rotating_headlines_article_9>" parent_tagname="<DIV style="DISPLAY: none" id=rotating_headlines_9 class=headline_article_holder>" />
<menu tagname="<DIV class=twitter>" parent_tagname="<DIV id=gunun_gelismeleri_tab_1 class=sC>" />
<main tagname="<DIV id=divDetay class=detay>" parent_tagname="<DIV class=backLeft>" />
<menu tagname="<UL class=galeriList>" parent_tagname="<DIV style="DISPLAY: none" id=galeri_sag_tab_1 class=sC>" />
<links tagname="<DIV id=ticker_31463 class=section>" parent_tagname="<DIV style="OVERFLOW: hidden" class=scroller>" />
<links tagname="<UL>" parent_tagname="<DIV class=kampBox>" />
<additional tagname="<DIV class=summary>" parent_tagname="<DIV id=ticker_31420 class="section row_0">" />
<menu tagname="<DIV style="WIDTH: 205px; FLOAT: right; HEIGHT: 200px; MARGIN-RIGHT: 5px" id=rotating_headlines_article_5>" parent_tagname="<DIV style="DISPLAY: none" id=rotating_headlines_5 class=headline_article_holder>" />
<additional tagname="<DIV class=headline_body>" parent_tagname="<DIV style="WIDTH: 205px; FLOAT: right; HEIGHT: 200px; MARGIN-RIGHT: 5px" id=rotating_headlines_article_7>" />
<menu tagname="<UL style="DISPLAY: none; HEIGHT: 0pt" id=alttab>" parent_tagname="<DIV class=aKutu>" />
<additional tagname="<TD>" parent_tagname="<TR class=color title="T300 Comp. Toronto (Delayed)">" />
<links tagname="<DIV id=ticker_31502 class="section row_0">" parent_tagname="<DIV style="OVERFLOW: hidden" class=scroller>" />
<links tagname="<TD class=ask_rehberi_ic>" parent_tagname="<TR>" />
<additional tagname="<DIV class=summary>" parent_tagname="<DIV id=ticker_31467 class="section row_0">" />
<additional tagname="<DIV class=headline_body>" parent_tagname="<DIV style="WIDTH: 205px; FLOAT: right; HEIGHT: 200px; MARGIN-RIGHT: 5px" id=rotating_headlines_article_2>" />
<menu tagname="<UL class=links>" parent_tagname="<DIV class=navBar>" />
<links tagname="<DIV id=ticker_31421 class=section>" parent_tagname="<DIV style="OVERFLOW: hidden" class=scroller>" />
<links tagname="<UL>" parent_tagname="<DIV class=surManset>" />
<menu tagname="<DIV class=haberAra2>" parent_tagname="<BODY>" />
<menu tagname="<DIV id=galeri_sag_tab_3 class=sC>" parent_tagname="<DIV class=galeriBox>" />
<additional tagname="<DIV class=summary>" parent_tagname="<DIV id=ticker_31502 class="section row_0">" />
<menu tagname="<UL class=foto>" parent_tagname="<DIV class=galeriNav>" />
<links tagname="<DIV style="FONT-SIZE: 11px" class=vizyont height="40">" parent_tagname="<DIV>" />
<links tagname="<DIV class=aKutu>" parent_tagname="<DIV class=rDiv>" />
<links tagname="<DIV class=mHaber>" parent_tagname="<DIV class=manset>" />
<menu tagname="<UL class=teams>" parent_tagname="<DIV class=teamBar>" />
<links tagname="<DIV id=ticker_31466 class="section row_1">" parent_tagname="<DIV style="OVERFLOW: hidden" class=scroller>" />
<links tagname="<DIV id=manset_0 class=mHaber>" parent_tagname="<LI id=manset_sag_0 class=current onmouseover=manset_degistir(0) onmouseout=manset_degistir(-1);>" />
<additional tagname="<TD style="FONT-FAMILY: Verdana, Arial, Helvetica, sans-serif; COLOR: #212121; FONT-SIZE: 11px" vAlign=middle align=center>" parent_tagname="<TR>" />
<links tagname="<DIV id=ticker_31499 class=section>" parent_tagname="<DIV style="OVERFLOW: hidden" class=scroller>" />
<additional tagname="<DIV class=cLeft>" parent_tagname="<DIV class=container>" />
<links tagname="<DIV style="DISPLAY: none" id=manset_3 class=mHaber>" parent_tagname="<LI id=manset_sag_3 onmouseover=manset_degistir(3) onmouseout=manset_degistir(-1);>" />
<menu tagname="<DIV class=footC2>" parent_tagname="<DIV class=footC1>" />
<links tagname="<UL class=dHaberler>" parent_tagname="<LI class=digerHaber>" />
<menu tagname="<DIV class=box_title>" parent_tagname="<DIV style="WIDTH: 240px" id=box_more_category_list_5 class=main_news_category>" />
<menu tagname="<UL>" parent_tagname="<DIV class=navInner>" />
<menu tagname="<UL style="DISPLAY: none" id=div_encok_mn_2 class=encokTab>" parent_tagname="<DIV class=rDiv>" />
<links tagname="<DIV style="WIDTH: 205px; FLOAT: right; HEIGHT: 200px; MARGIN-RIGHT: 5px" id=rotating_headlines_article_1>" parent_tagname="<DIV id=rotating_headlines_1 class=headline_article_holder>" />
<links tagname="<TD class=gundemg height=60>" parent_tagname="<TR>" />
<menu tagname="<UL class=paging>" parent_tagname="<DIV class=container>" />
<additional tagname="<DIV class=comment_header>" parent_tagname="<DIV class=single_comment>" />
<additional tagname="<DIV class=summary>" parent_tagname="<DIV id=ticker_31466 class="section row_1">" />
<links tagname="<DIV style="MARGIN-LEFT: 7px; MARGIN-RIGHT: 5px">" parent_tagname="<TD style="BACKGROUND-IMAGE: url(/c/sb/i/KulturSanat/manset_back2.gif)" id=manset_td_im_1 onmouseover=headlineChange(1); onmouseout=headlineChangeRepeat() height=58 align=left>" />
<links tagname="<TD class=gundemb height=20 vAlign=top width=225 align=left>" parent_tagname="<TR>" />
<menu tagname="<DIV style="DISPLAY: none" id=galeri_sag_tab_1 class=sC>" parent_tagname="<DIV class=galeriBox>" />
<menu tagname="<DIV id=ticker_31463 class="section row_1">" parent_tagname="<DIV style="OVERFLOW: hidden" class=scroller>" />
<links tagname="<UL class=yazarBox>" parent_tagname="<DIV class=rDiv>" />
<links tagname="<UL class=webTv>" parent_tagname="<DIV class="rDiv webTv">" />
<menu tagname="<UL class=tab>" parent_tagname="<DIV class=enCok>" />
<additional tagname="<DIV class=copyC2>" parent_tagname="<DIV class=copyC1>" />
<main tagname="<TD style="PADDING-BOTTOM: 5px; PADDING-LEFT: 5px; PADDING-RIGHT: 5px; PADDING-TOP: 5px" class=metin1>" parent_tagname="<TR>" />
<additional tagname="<TD>" parent_tagname="<TR class=color title="Volatility Index Futures (Cash)">" />
<menu tagname="<DIV id=ticker_31502 class=section>" parent_tagname="<DIV style="OVERFLOW: hidden" class=scroller>" />
<links tagname="<DIV style="DISPLAY: none" id=div_3 class=mHaber>" parent_tagname="<LI id=li_3 onmouseover=manset_degistir(3); onmouseout=manset_degistir(-1);>" />
<links tagname="<UL class=haberList>" parent_tagname="<DIV class=cLeft>" />
<links tagname="<DIV style="MARGIN-LEFT: 7px; MARGIN-RIGHT: 5px">" parent_tagname="<TD style="BACKGROUND-IMAGE: url(/c/sb/i/KulturSanat/manset_back2.gif)" id=manset_td_im_3 onmouseover=headlineChange(3); onmouseout=headlineChangeRepeat() height=58 align=left>" />
<menu tagname="<UL class=small>" parent_tagname="<DIV class=astroBox>" />
<menu tagname="<UL class=mainMenu>" parent_tagname="<DIV class=header>" />
<menu tagname="<UL>" parent_tagname="<DIV class=footC2>" />
<menu tagname="<UL class=main>" parent_tagname="<DIV class=navBar>" />
<links tagname="<DIV class=tvBox>" parent_tagname="<DIV class=bRight>" />
<links tagname="<DIV class=haberDikey>" parent_tagname="<DIV class=bLLeft>" />
<links tagname="<UL class=haberListBlck>" parent_tagname="<DIV class=bLRight>" />
<menu tagname="<UL>" parent_tagname="<DIV id=gunun_gelismeleri_tab_1 class=sC>" />
<menu tagname="<DIV class=pfp>" parent_tagname="<DIV class=teamBar>" />
<menu tagname="<DIV id=ticker_31419 class=section>" parent_tagname="<DIV style="OVERFLOW: hidden" class=scroller>" />
<headline tagname="<H1>" parent_tagname="<DIV id=divDetay class=detay>" />
<links tagname="<DIV id=ticker_31420 class="section row_0">" parent_tagname="<DIV style="OVERFLOW: hidden" class=scroller>" />
<menu tagname="<UL>" parent_tagname="<DIV class=fGaleri>" />
<links tagname="<DIV id=ticker_31466 class=section>" parent_tagname="<DIV style="OVERFLOW: hidden" class=scroller>" />
<links tagname="<UL id=box_most_popular>" parent_tagname="<DIV class=box_content>" />
<links tagname="<DIV class=left>" parent_tagname="<DIV class=hTop>" />
<links tagname="<UL class=hList>" parent_tagname="<DIV class=cLeft>" />
<additional tagname="<DIV class=title>" parent_tagname="<DIV class=eBultenBox>" />
<empty tagname="<DIV class=oTitle>" parent_tagname="<DIV class=backLeft>" />
<menu tagname="<DIV class=footLinks>" parent_tagname="<DIV class=footer>" />
<links tagname="<UL class=haberList>" parent_tagname="<DIV class=bLRight>" />
<menu tagname="<DIV id=galeri_video_tab_1 class=gV>" parent_tagname="<DIV class=gunBox>" />
<menu tagname="<UL class=links>" parent_tagname="<DIV class=hTop>" />
<links tagname="<UL>" parent_tagname="<DIV style="POSITION: absolute; VISIBILITY: visible; TOP: 0px; LEFT: 0px" id=lyr12>" />
<links tagname="<DIV style="DISPLAY: none" id=diviPhone class=uyariBox>" parent_tagname="<BODY class=yesil>" />
<links tagname="<DIV style="DISPLAY: none" id=div_9 class=mHaber>" parent_tagname="<LI id=li_9 onmouseover=manset_degistir(9); onmouseout=manset_degistir(-1);>" />
<links tagname="<DIV class=mHaber>" parent_tagname="<LI id=altMansetItem_1 class=current onmouseover=alt_manset_degistir(1); onmouseout=alt_manset_degistir(-1);>" />
<links tagname="<UL class=haberList>" parent_tagname="<DIV class=cRight>" />
<links tagname="<DIV class=okurTemsilcisi>" parent_tagname="<DIV class=bRight>" />
<menu tagname="<DIV class=puanlama>" parent_tagname="<DIV class=boxInner>" />
<additional tagname="<DIV id=mycustomscroll2 class=flexcroll>" parent_tagname="<DIV id=playlist class=bBox name="playlist">" />
<links tagname="<UL class=izlenenList>" parent_tagname="<DIV id=galeri_sag_tab_1 name="galeri_sag_tab_1">" />
<menu tagname="<UL class=video>" parent_tagname="<DIV style="DISPLAY: none" id=galeri_video_tab_2 class=gV>" />
<additional tagname="<DIV class=headline_body>" parent_tagname="<DIV style="WIDTH: 205px; FLOAT: right; HEIGHT: 200px; MARGIN-RIGHT: 5px" id=rotating_headlines_article_3>" />
<additional tagname="<DIV class=summary>" parent_tagname="<DIV id=ticker_31499 class="section row_1">" />
<menu tagname="<UL>" parent_tagname="<DIV class=manset>" />
<links tagname="<DIV id=ticker_31489 class="section row_0">" parent_tagname="<DIV style="OVERFLOW: hidden" class=scroller>" />
<links tagname="<UL id=most_popular_commented_tabs class=tabs>" parent_tagname="<DIV class=box_title>" />
<menu tagname="<UL class=form>" parent_tagname="<FORM encType=multipart/form-data method=post name=NewForm action=/>" />
<additional tagname="<TD>" parent_tagname="<TR title="Bovespa, Sao Paulo">" />
<menu tagname="<UL>" parent_tagname="<DIV class=gBoxCover>" />
<additional tagname="<DIV class=headline_body>" parent_tagname="<DIV style="WIDTH: 205px; FLOAT: right; HEIGHT: 200px; MARGIN-RIGHT: 5px" id=rotating_headlines_article_4>" />
<links tagname="<DIV id=ticker_31454 class=section>" parent_tagname="<DIV style="OVERFLOW: hidden" class=scroller>" />
<links tagname="<DIV class=mHaber>" parent_tagname="<LI id=altMansetItem_4 onmouseover=alt_manset_degistir(4); onmouseout=alt_manset_degistir(-1);>" />
<menu tagname="<UL class=haberPage>" parent_tagname="<DIV class=backLeft>" />
<menu tagname="<UL class=site>" parent_tagname="<DIV class=iData>" />
<menu tagname="<DIV style="DISPLAY: none" id=galeri_video_tab_2 class=gV>" parent_tagname="<DIV class=gunBox>" />
<additional tagname="<DIV class=title>" parent_tagname="<DIV class=enCok>" />
<links tagname="<UL>" parent_tagname="<DIV style="DISPLAY: none" id=galeri_video_tab_2 class=gV>" />
<additional tagname="<DIV class=summary>" parent_tagname="<DIV id=ticker_31489 class="section row_0">" />
<menu tagname="<DIV style="DISPLAY: none" id=div_6 class=mHaber>" parent_tagname="<LI id=li_6 onmouseover=manset_degistir(6); onmouseout=manset_degistir(-1);>" />
<menu tagname="<UL>" parent_tagname="<DIV class="bManset ekonomi">" />
<additional tagname="<TD class=metin1 height=120 vAlign=middle colSpan=2>" parent_tagname="<TR>" />
<links tagname="<UL class=yazarGunList>" parent_tagname="<DIV class=backLeft>" />
<links tagname="<DIV class=backLeft>" parent_tagname="<DIV class=container>" />
<links tagname="<DIV id=rght_div_2>" parent_tagname="<DIV class=rManset>" />
<additional tagname="<TD>" parent_tagname="<TR>" />
<links tagname="<DIV class=banner>" parent_tagname="<DIV class=cRight>" />
<empty tagname="<DIV class=yorumCover>" parent_tagname="<DIV class=cLeft>" />
<menu tagname="<UL class=tab>" parent_tagname="<DIV class=finansBox>" />
<links tagname="<DIV class=likeMainBox>" parent_tagname="<DIV id=likeBox>" />
<links tagname="<UL class=kategoriler>" parent_tagname="<DIV class=bLeft>" />
<menu tagname="<UL class=logDate>" parent_tagname="<DIV class=hTop>" />
<empty tagname="<DIV class=top>" parent_tagname="<DIV class=container>" />
<links tagname="<TD style="TEXT-INDENT: 10px" class=pusula2 align=left>" parent_tagname="<TR>" />
<links tagname="<DIV style="MARGIN-LEFT: 7px; MARGIN-RIGHT: 5px">" parent_tagname="<TD style="BACKGROUND-IMAGE: url(/c/sb/i/KulturSanat/manset_back2.gif)" id=manset_td_im_2 onmouseover=headlineChange(2); onmouseout=headlineChangeRepeat() height=58 align=left>" />
<menu tagname="<UL id=rotating_headlines_player>" parent_tagname="<DIV class=player>" />
<additional tagname="<DIV class=footer>" parent_tagname="<DIV class=container>" />
<links tagname="<DIV id=rght_div_3>" parent_tagname="<DIV class=rManset>" />
<menu tagname="<UL class=aKutuTab>" parent_tagname="<DIV class=aKutu>" />
<menu tagname="<UL class=navi>" parent_tagname="<DIV class=navBar>" />
<additional tagname="<DIV class=headline_body>" parent_tagname="<DIV style="WIDTH: 205px; FLOAT: right; HEIGHT: 200px; MARGIN-RIGHT: 5px" id=rotating_headlines_article_6>" />
<menu tagname="<UL class=tab>" parent_tagname="<DIV class=galeriBox>" />
<links tagname="<DIV id=ticker_31489 class=section>" parent_tagname="<DIV style="OVERFLOW: hidden" class=scroller>" />
<links tagname="<DIV style="WIDTH: 205px; FLOAT: right; HEIGHT: 200px; MARGIN-RIGHT: 5px" id=rotating_headlines_article_8>" parent_tagname="<DIV style="DISPLAY: none" id=rotating_headlines_8 class=headline_article_holder>" />
<additional tagname="<TD>" parent_tagname="<TR class=color>" />
<menu tagname="<UL>" parent_tagname="<DIV class=rManset>" />
<links tagname="<UL class=izlenenList>" parent_tagname="<DIV style="DISPLAY: none" id=galeri_sag_tab_3 name="galeri_sag_tab_3">" />
<links tagname="<DIV id=ticker_31420 class=section>" parent_tagname="<DIV style="OVERFLOW: hidden" class=scroller>" />
<links tagname="<DIV id=rght_div_5>" parent_tagname="<DIV class=rManset>" />
<links tagname="<DIV style="DISPLAY: none" id=manset_2 class=mHaber>" parent_tagname="<LI id=manset_sag_2 onmouseover=manset_degistir(2) onmouseout=manset_degistir(-1);>" />
<links tagname="<UL class=galeriList>" parent_tagname="<DIV id=galeri_sag_tab_3 class=sC>" />
<menu tagname="<DIV class=twitter>" parent_tagname="<DIV class=iData>" />
<menu tagname="<DIV style="DISPLAY: none" id=galeri_sag_tab_2 class=sC>" parent_tagname="<DIV class=galeriBox>" />
<menu tagname="<UL id=div_encok_mn_1 class=encokTab>" parent_tagname="<DIV class=rDiv>" />
<links tagname="<UL>" parent_tagname="<DIV class=fhCover>" />
<links tagname="<UL id=box_most_commented>" parent_tagname="<DIV class=box_content>" />
<links tagname="<DIV id=rght_div_4>" parent_tagname="<DIV class=rManset>" />
<links tagname="<TD class=dgunu align=left>" parent_tagname="<TR>" />
<links tagname="<DIV style="WIDTH: 205px; FLOAT: right; HEIGHT: 200px; MARGIN-RIGHT: 5px" id=rotating_headlines_article_2>" parent_tagname="<DIV style="DISPLAY: none" id=rotating_headlines_2 class=headline_article_holder>" />
<links tagname="<DIV class=tvBox>" parent_tagname="<DIV class=cRight>" />
<additional tagname="<TD class=zayiflama_ic>" parent_tagname="<TR>" />
<additional tagname="<DIV class=summary>" parent_tagname="<DIV id=ticker_31463 class="section row_1">" />
<menu tagname="<UL class=bottom>" parent_tagname="<DIV class=paging>" />
<links tagname="<DIV id=ticker_31467 class=section>" parent_tagname="<DIV style="OVERFLOW: hidden" class=scroller>" />
<links tagname="<UL class=galeriList>" parent_tagname="<DIV class=backLeft>" />
<links tagname="<UL class=yazarlar>" parent_tagname="<DIV class=cBIn>" />
<additional tagname="<DIV style="WIDTH: 330px" class=metin2>" parent_tagname="<TD style="PADDING-BOTTOM: 5px; PADDING-LEFT: 5px; PADDING-RIGHT: 5px; PADDING-TOP: 5px" height=24 width=320>" />
<menu tagname="<DIV class=title>" parent_tagname="<DIV class=rDiv>" />
<additional tagname="<DIV class=title>" parent_tagname="<DIV class=astroBox>" />
<additional tagname="<DIV class=summary>" parent_tagname="<DIV id=ticker_31421 class="section row_1">" />
<links tagname="<UL class=haberList>" parent_tagname="<DIV class=bL1>" />
<empty tagname="<DIV class=container>" parent_tagname="<BODY class=yesil>" />
<empty tagname="<DIV class=container>" parent_tagname="<BODY>" html_text="< <DIV class=backLeft> </DIV><DIV class=backRight><DIV class=datas><DIV style="POSITION: relative; DISPLAY: block"></DIV></DIV><DIV class=datas></DIV><DIV class=gunBox><UL class=tab><LI id=gunun_gelismeleri_menu_1 class=current>GÜNÜN GELİŞMELERİ</LI><LI id=gunun_gelismeleri_menu_2><A href="">EN ÇOK OKUNANLAR</A></LI></UL><DIV id=gunun_gelismeleri_tab_1 class=sC><UL><LI><A title="" href="" ordusu?? Türk efendisi Adanın>"Adanın efendisi Türk ordusu"</A></LI><LI><A title="Bir Tibetli daha kendini yaktı" href="">Bir Tibetli daha kendini yaktı</A></LI><LI><A title="BM Genel Kurulu'nda Suriye kapışması" href="">BM Genel Kurulu'nda Suriye kapışması</A></LI><LI><A title="Bugün seçim olsa CHP..." href="">Bugün seçim olsa CHP...</A></LI><LI><A title="KCK davasından aşk çıktı" href="">KCK davasından aşk çıktı</A></LI><LI><A title="Danıştay'dan 'böcek' çıktı!" href="">Danıştay'dan 'böcek' çıktı!</A></LI></UL><DIV class=twitter><A class=twitter-follow-button href="" data-lang="tr">Takip Et @sabah</A></DIV></DIV><DIV style="DISPLAY: none" id=gunun_gelismeleri_tab_2 class=sC><UL><LI><A title="Şehitlerimizin kimliği belli oldu" href="">Şehitlerimizin kimliği belli oldu</A> </LI><LI><A title="Dev konvoy yola çıktı" href="">Dev konvoy yola çıktı</A> </LI><LI><A title="Almanya'da Türkler için önemli yasa" href="">Almanya'da Türkler için önemli yasa</A> </LI><LI><A title="İmparator çağırıyor" href="">İmparator çağırıyor</A> </LI><LI><A title="Suikast mi kaza mı?" href="">Suikast mi kaza mı?</A> </LI><LI><A title="Kızı da aynı otelde ölüyordu" href="">Kızı da aynı otelde ölüyordu</A> </LI><LI><A title="50 milyonluk eroine baskın" href="">50 milyonluk eroine baskın</A> </LI></UL></DIV></DIV><DIV class=paylasBox><UL id=div_smw_mn_fb class=tab><LI class="facebook current">Facebook'ta paylaşılanlar</LI><LI class=twitter><A href="">Twitter'da paylaşılanlar</A></LI></UL><UL style="DISPLAY: none" id=div_smw_mn_tw class=tab><LI class=facebook><A href="">Facebook'ta paylaşılanlar</A></LI><LI class="twitter current">Twitter'da paylaşılanlar</LI></UL><DIV id=div_smw_fb class=pContainer><fb:activity width="270" font="" recommendations="true" border_color="#FFFFFF" header="false" height="544" site="sabah.com.tr"></fb:activity></DIV><DIV style="DISPLAY: none" id=div_smw_tw class=pContainer></DIV><DIV class=smText><STRONG class=fb>Sosyal</STRONG> <STRONG class=tw>Medya'</STRONG> nın En Çok Paylaşılanları</DIV></DIV><DIV style="MARGIN-TOP: 10px; MARGIN-BOTTOM: 10px"><fb:like-box show_faces="true" width="300" href="" header="false" stream="false"></fb:like-box></DIV><DIV class=gunBox><UL class=tab><LI id=galeri_video_menu_1 class=current>GALERİ</LI><LI id=galeri_video_menu_2><A href="">VİDEO</A></LI></UL><DIV id=galeri_video_tab_1 class=gV><UL><LI><A href="" target=_blank><IMG alt="" src=""><SPAN>Tren otomobili biçti</SPAN></A></LI><LI><A href="" target=_blank><IMG alt="" src=""><SPAN>FEMEN'den çılgın protesto</SPAN></A></LI><LI><A href="" target=_blank><IMG alt="" src=""><SPAN>Bomba yüklü otomobil yakalandı</SPAN></A></LI><LI><A href="" target=_blank><IMG alt="" src=""><SPAN>Fenerbahçe taraftarı...</SPAN></A></LI></UL><A class=tumu href="" target=_blank>tümü » </A></DIV><DIV style="DISPLAY: none" id=galeri_video_tab_2 class=gV><UL class=video><LI><A href="" target=_blank><IMG alt="" src=""><SPAN>Tsunami gibi!</SPAN></A></LI><LI><A href="" target=_blank><IMG alt="" src=""><SPAN>Çatışmayı çekerken vuruldu!</SPAN></A></LI><LI><A href="" target=_blank><IMG alt="" src=""><SPAN>Putin’in ofisi önünde kendini...</SPAN></A></LI><LI><A href="" target=_blank><IMG alt="" src=""><SPAN>Suriye’de uçaksavar tankının...</SPAN></A></LI></UL><A class=tumu href="" target=_blank>tümü » </A></DIV></DIV><DIV class=datas></DIV><DIV class=eBultenBox><DIV class=title>ÜCRETSİZ SABAH BÜLTEN ÜYELİĞİ</DIV><P>Üye olun, son dakika haberleri e-postanıza gelsin.</P><DL><DT>Adı Soyadı :</DT><DD><INPUT id=txtAdSoyadForEbulten name=txtAdSoyadForEbulten type=text></DD><DT>E-posta :</DT><DD><INPUT id=txtEpostaForEbulten name=txtEpostaForEbulten type=text></DD></DL><A id=btnUyeOlForEbulten class=btn href="">Üye Ol</A> <P id=lblMessageForEbulten></P></DIV></DIV><DIV class=cls></DIV>>" _count="<100>" />
